{
  "timestamp": "2025-06-14T11:56:59.213772",
  "engine": "EnhancedAIEngine",
  "total_tests": 60,
  "results_by_asset": {
    "BTCUSDT": {
      "1m": {
        "signal": "BUY",
        "confidence": 0.49131856136375684,
        "entry_price": 104935.33,
        "stop_loss": 104830.39467,
        "take_profit": 105092.732995
      },
      "5m": {
        "signal": "BUY",
        "confidence": 0.5132053046024329,
        "entry_price": 104935.33,
        "stop_loss": 104620.52401,
        "take_profit": 105460.00665
      },
      "15m": {
        "signal": "SELL",
        "confidence": 0.6528481617452901,
        "entry_price": 104935.33,
        "stop_loss": 105564.94198,
        "take_profit": 104095.84736
      },
      "1h": {
        "signal": "BUY",
        "confidence": 0.5132053046024329,
        "entry_price": 104935.33,
        "stop_loss": 103676.10604,
        "take_profit": 106824.16594
      },
      "4h": {
        "signal": "SELL",
        "confidence": 0.491955304602433,
        "entry_price": 104935.33,
        "stop_loss": 107558.71325,
        "take_profit": 101262.59345
      },
      "1d": {
        "signal": "SELL",
        "confidence": 0.491955304602433,
        "entry_price": 104935.33,
        "stop_loss": 109132.7432,
        "take_profit": 99688.5635
      }
    },
    "ETHUSDT": {
      "1m": {
        "signal": "BUY",
        "confidence": 0.46737601588251987,
        "entry_price": 2529.06,
        "stop_loss": 2526.53094,
        "take_profit": 2532.85359
      },
      "5m": {
        "signal": "SELL",
        "confidence": 0.5591427051383793,
        "entry_price": 2529.18,
        "stop_loss": 2536.76754,
        "take_profit": 2516.5341
      },
      "15m": {
        "signal": "SELL",
        "confidence": 0.6532498479955221,
        "entry_price": 2528.89,
        "stop_loss": 2544.06334,
        "take_profit": 2508.65888
      },
      "1h": {
        "signal": "BUY",
        "confidence": 0.4671814974395798,
        "entry_price": 2528.9,
        "stop_loss": 2498.5532,
        "take_profit": 2574.4202
      },
      "4h": {
        "signal": "BUY",
        "confidence": 0.41270516679371977,
        "entry_price": 2528.9,
        "stop_loss": 2465.6775,
        "take_profit": 2617.4115
      },
      "1d": {
        "signal": "SELL",
        "confidence": 0.4528927051383794,
        "entry_price": 2529.04,
        "stop_loss": 2630.2016,
        "take_profit": 2402.588
      }
    },
    "BNBUSDT": {
      "1m": {
        "signal": "SELL",
        "confidence": 0.48161252516680175,
        "entry_price": 646.47,
        "stop_loss": 647.11647,
        "take_profit": 645.500295
      },
      "5m": {
        "signal": "BUY",
        "confidence": 0.46663025579512213,
        "entry_price": 646.6,
        "stop_loss": 644.6602,
        "take_profit": 649.833
      },
      "15m": {
        "signal": "BUY",
        "confidence": 0.5532491758753055,
        "entry_price": 646.61,
        "stop_loss": 642.73034,
        "take_profit": 651.78288
      },
      "1h": {
        "signal": "SELL",
        "confidence": 0.5878625251668018,
        "entry_price": 646.6,
        "stop_loss": 654.3592,
        "take_profit": 634.9612
      },
      "4h": {
        "signal": "SELL",
        "confidence": 0.3974434214796438,
        "entry_price": 646.48,
        "stop_loss": 662.642,
        "take_profit": 623.8532
      },
      "1d": {
        "signal": "SELL",
        "confidence": 0.47554109659537314,
        "entry_price": 646.42,
        "stop_loss": 672.2768,
        "take_profit": 614.099
      }
    },
    "XRPUSDT": {
      "1m": {
        "signal": "BUY",
        "confidence": 0.5439003122333882,
        "entry_price": 2.1653,
        "stop_loss": 2.1631347,
        "take_profit": 2.16854795
      },
      "5m": {
        "signal": "SELL",
        "confidence": 0.6279030327271813,
        "entry_price": 2.1653,
        "stop_loss": 2.1717959,
        "take_profit": 2.1544735
      },
      "15m": {
        "signal": "BUY",
        "confidence": 0.4973673184414671,
        "entry_price": 2.1653,
        "stop_loss": 2.1523082,
        "take_profit": 2.1826224
      },
      "1h": {
        "signal": "SELL",
        "confidence": 0.6309387470128957,
        "entry_price": 2.1644,
        "stop_loss": 2.1903728,
        "take_profit": 2.1254408
      },
      "4h": {
        "signal": "BUY",
        "confidence": 0.4036165491155802,
        "entry_price": 2.1645,
        "stop_loss": 2.1103875,
        "take_profit": 2.2402575
      },
      "1d": {
        "signal": "SELL",
        "confidence": 0.37088823858474257,
        "entry_price": 2.1646,
        "stop_loss": 2.251184,
        "take_profit": 2.05637
      }
    },
    "ADAUSDT": {
      "1m": {
        "signal": "SELL",
        "confidence": 0.39013757630775603,
        "entry_price": 0.6313,
        "stop_loss": 0.6319313,
        "take_profit": 0.63035305
      },
      "5m": {
        "signal": "SELL",
        "confidence": 0.5870919894373584,
        "entry_price": 0.6313,
        "stop_loss": 0.6331939,
        "take_profit": 0.6281435
      },
      "15m": {
        "signal": "SELL",
        "confidence": 0.5415562751516441,
        "entry_price": 0.6316,
        "stop_loss": 0.6353896,
        "take_profit": 0.6265472
      },
      "1h": {
        "signal": "BUY",
        "confidence": 0.34463316941422373,
        "entry_price": 0.6316,
        "stop_loss": 0.6240208,
        "take_profit": 0.6429688
      },
      "4h": {
        "signal": "SELL",
        "confidence": 0.38867387221307703,
        "entry_price": 0.6321,
        "stop_loss": 0.6479025,
        "take_profit": 0.6099765
      },
      "1d": {
        "signal": "SELL",
        "confidence": 0.33482734434605294,
        "entry_price": 0.6321,
        "stop_loss": 0.657384,
        "take_profit": 0.600495
      }
    },
    "SOLUSDT": {
      "1m": {
        "signal": "BUY",
        "confidence": 0.6552314079236519,
        "entry_price": 145.27,
        "stop_loss": 145.12473,
        "take_profit": 145.487905
      },
      "5m": {
        "signal": "SELL",
        "confidence": 0.5580885507807948,
        "entry_price": 145.27,
        "stop_loss": 145.70581,
        "take_profit": 144.54365
      },
      "15m": {
        "signal": "SELL",
        "confidence": 0.4652130019012184,
        "entry_price": 145.32,
        "stop_loss": 146.19192,
        "take_profit": 144.15744
      },
      "1h": {
        "signal": "BUY",
        "confidence": 0.32073003342679685,
        "entry_price": 145.32,
        "stop_loss": 143.57616,
        "take_profit": 147.93576
      },
      "4h": {
        "signal": "BUY",
        "confidence": 0.4086783335556592,
        "entry_price": 145.37,
        "stop_loss": 141.73575,
        "take_profit": 150.45795
      },
      "1d": {
        "signal": "SELL",
        "confidence": 0.497374265066509,
        "entry_price": 145.37,
        "stop_loss": 151.1848,
        "take_profit": 138.1015
      }
    },
    "DOTUSDT": {
      "1m": {
        "signal": "SELL",
        "confidence": 0.5299072470173743,
        "entry_price": 3.776,
        "stop_loss": 3.779776,
        "take_profit": 3.770336
      },
      "5m": {
        "signal": "BUY",
        "confidence": 0.26200457098398483,
        "entry_price": 3.776,
        "stop_loss": 3.764672,
        "take_profit": 3.79488
      },
      "15m": {
        "signal": "BUY",
        "confidence": 0.4554649438249692,
        "entry_price": 3.777,
        "stop_loss": 3.754338,
        "take_profit": 3.807216
      },
      "1h": {
        "signal": "SELL",
        "confidence": 0.5299072470173743,
        "entry_price": 3.777,
        "stop_loss": 3.822324,
        "take_profit": 3.709014
      },
      "4h": {
        "signal": "BUY",
        "confidence": 0.3688359723774378,
        "entry_price": 3.777,
        "stop_loss": 3.682575,
        "take_profit": 3.909195
      },